Location,Extraction ID,CatID,CombinedID,Cat sample ID,Age,Arrival,Sampling date,Tame/Feral,F/M,Bites?,Hisses?,Retreats?,Quiet,Loud,Tolerant,Sedating,Healthy,Dry skin,Stiff,Agile,Clear eyes,Sick/injured,Coat condition,S†r,Modtaget foder,Andet,INDEX,F index,R index,,,,,,,,,,,
Aruba,AR1,ARD1,DomestiCAT_Aruba-501,56,Unknown,Unknown,16.03.18,Tame,Male,,,,x,,,,x,,,,x,,Healthy,,,59,01,AACTGTGC,AACTGTGG,,,,,,,,,,,
Aruba,AR10,ARD10,DomestiCAT_Aruba-502,104645,1.5 years,10.04.18,10.04.18,Tame,Male,,,,x,,,,x,,,,,,,,,,02,TCGTACAG,TCGTACAG,,,,,,,,,,,
Aruba,AR13,ARD13,DomestiCAT_Aruba-503,12,1 year,08.03.18,08.03.18,Tame,Female,,,x,x,,x,,x,,,,x,,,x,,wounded,03,CTCACTGC,CTCACTGG,,,,,,,,,,,
Aruba,AR16,ARF16,DomestiCAT_Aruba-504,104146,Unknown,20.03.18,20.03.18,Feral,Female,,,x,x,,,,,,,,,,Matted,,,Fleas,04,GTGCTACT,GTGCTACT,,,,,,,,,,,
Aruba,AR21,ARD21,DomestiCAT_Aruba-505,78,Unknown,19.03.18,19.03.18,Tame,Male,,,,,,x,,x,,,,x,,Healthy,,,,05,GCTTGACC,GCTTGACG,,,,,,,,,,,
Aruba,AR24,ARD24,DomestiCAT_Aruba-506,9297,6 months,28.03.18,27.03.18,Tame,Female,,,,x,,x,,x,,,,x,,Healthy,,,,06,CATCATCT,CATCATCT,,,,,,,,,,,
Aruba,AR31,ARF31,DomestiCAT_Aruba-507,58,Unknown,Unknown,Unknown,Feral,Female,,,x,x,,x,,x,,,,x,,,,,,07,TGCTACTC,TGCTACTG,,,,,,,,,,,
Aruba,AR33,ARD33,DomestiCAT_Aruba-508,34,Unknown,09.03.18,09.03.18,Tame,Female,,,x,,,x,,x,,,,x,,,,,,08,AGAAGTGT,AGAAGTGT,,,,,,,,,,,
Aruba,AR40,ARF40,DomestiCAT_Aruba-509,2748,1 year,Unknown,02.05.18,Feral,Female,,,,x,,x,,x,,,,x,,Healthy,,,,09,AGTGTCAC,AGTGTCAG,,,,,,,,,,,
Aruba,AR43,ARF43,DomestiCAT_Aruba-510,99623,1 year,12.03.18,12.03.18,Feral,Male,,,x,,,,,x,,,,,,,,,,10,TCACAGGT,TCACAGGT,,,,,,,,,,,
Aruba,AR55,ARF55,DomestiCAT_Aruba-511,303,Unknown,20.03.18,20.03.18,Feral,Male,,,x,,,x,,x,,,,x,,,,,,11,CCTTAGAC,CCTTAGAG,,,,,,,,,,,
Aruba,AR6,ARF6,DomestiCAT_Aruba-512,9268,Unknown,Unknown,03.04.18,Feral,Male,,x,,,,,,x,,,,,,Healthy,,,,12,GTAAGGTC,GTAAGGTC,,,,,,,,,,,
Aruba,AR7,ARF7,DomestiCAT_Aruba-513,103922,Unknown,12.03.18,12.03.18,Feral,Female,,,x,,,,,x,,,,x,,,,,Pregnant/nursing,13,GATCGAGC,GATCGAGG,,,,,,,,,,,
Aruba,AR57,ARD57,DomestiCAT_Aruba-514,2758,Unknown,30.04.18,30.04.18,Tame,Male,,,,x,,x,,x,,,,x,,Healthy,,,,14,CAAGAGAC,CAAGAGAC,,,,,,,,,,,
Aruba,AR58,ARD58,DomestiCAT_Aruba-515,2590,Unknown,30.04.18,30-04.18,Tame,Female,,,,,x,x,,x,,,,x,,Healthy,,,,15,TAGAAGAC,TAGAAGAG,,,,,,,,,,,
Aruba,AR34,ARD34,DomestiCAT_Aruba-516,31,Unknown,09.03.18,09.03.18,Tame,Male,,,,,,x,,x,,,,,,Healthy,,,,16,AGCGTGTA,AGCGTGTA,,,,,,,,,,,
Cabo Verde,CV4,CVD4,DomestiCAT_Cabo Verde-501,D4,2 years,Street cat,03.10.18,Tame,Male,,,,x,,x,,x,,,x,x,,Healthy,,,,01,AACTGTGC,AACTGTGG,,,,,,,,,,,
Cabo Verde,CV37,CVD37,DomestiCAT_Cabo Verde-502,Gata 17 - Bamboia,1 year,14.11.18,14.11.18,Tame,Female,,,,x,,x,,x,,,,x,,Healthy,,,,02,TCGTACAG,TCGTACAG,,,,,,,,,,,
Cabo Verde,CV2,CVD2,DomestiCAT_Cabo Verde-503,D2,5 months,Street cat,03.10.18,Tame,Male,,,,x,,x,,x,,,x,x,,Healthy,,,,03,CTCACTGC,CTCACTGG,,,,,,,,,,,
Cabo Verde,CV34,CVD34,DomestiCAT_Cabo Verde-504,Gata 14 - Kitty,1 year,13.11.18,13.11.18,Tame,Female,,,,x,,x,,x,,,,x,,Healthy,,,,04,GTGCTACT,GTGCTACT,,,,,,,,,,,
Cabo Verde,CV15,CVD15,DomestiCAT_Cabo Verde-505,D15,2 years,Street cat,04.10.18,Tame,Female,,,,,x,x,,x,,,x,x,,Healthy,,,,05,GCTTGACC,GCTTGACG,,,,,,,,,,,
Cabo Verde,CV19,CVD19,DomestiCAT_Cabo Verde-506,D19,5 years,Street cat,16.10.18,Tame,Male,,x,x,,x,,,x,,,x,x,,Healthy,,,Pregnant/nursing..... but male?,06,CATCATCT,CATCATCT,,,,,,,,,,,
Cabo Verde,CV30,CVD30,DomestiCAT_Cabo Verde-507,Gata 10 - Joel,3 years,12.11.18,12.11.18,Tame,Male,,x,,,,x,,x,,,,x,,Healthy,,,,07,TGCTACTC,TGCTACTG,,,,,,,,,,,
Cabo Verde,CV5,CVD5,DomestiCAT_Cabo Verde-508,D5,2 years,Street cat,Unknown,Tame,Male,,,,x,,x,,x,,,x,x,,Healthy,,,,08,AGAAGTGT,AGAAGTGT,,,,,,,,,,,
Cabo Verde,CV10,CVD10,DomestiCAT_Cabo Verde-509,D10,9 months,Street cat,04.10.18,Tame,Male,,,,,x,x,,x,,,x,x,,Healthy,,,,09,AGTGTCAC,AGTGTCAG,,,,,,,,,,,
Cabo Verde,CV13,CVD13,DomestiCAT_Cabo Verde-510,D13,10 months,Street cat,04.10.18,Tame,Female,,,,x,,x,,x,,,x,x,,Healthy,,,,10,TCACAGGT,TCACAGGT,,,,,,,,,,,
Cabo Verde,CV17,CVD17,DomestiCAT_Cabo Verde-511,D17,9 months,Street cat,16.10.18,Tame,Male,,,x,,x,x,,x,,,x,x,,Healthy,,,,11,CCTTAGAC,CCTTAGAG,,,,,,,,,,,
Cabo Verde,CV20,CVD20,DomestiCAT_Cabo Verde-512,D20,8 years,Street cat,16.10.18,Tame,Female,,,,,x,x,,x,,,x,x,,Healthy,,,,12,GTAAGGTC,GTAAGGTC,,,,,,,,,,,
Cabo Verde,CV23,CVF23,DomestiCAT_Cabo Verde-513,Gata 3 - Bela,1 year,26.10.18,26.10.18,Feral,Female,,,,x,,x,,x,,,,x,,Healthy,,,Pregnant/Nursing,13,GATCGAGC,GATCGAGG,,,,,,,,,,,
Cabo Verde,CV27,CVF27,DomestiCAT_Cabo Verde-514,Gata 7 - Estolino 1,3 years,31.10.18,31.10.18,Feral,Female,,,,x,,x,,,x,,,,,Matted,,,,14,CAAGAGAC,CAAGAGAC,,,,,,,,,,,
Cabo Verde,CV29,CVF29,DomestiCAT_Cabo Verde-515,Gata 9 - Kiko,4 years,12.11.18,12.11.18,Feral,Male,,,,x,,x,,x,,,,x,,,,,,15,TAGAAGAC,TAGAAGAG,,,,,,,,,,,
Cabo Verde,CV33,CVF33,DomestiCAT_Cabo Verde-516,Gata 13 - Xana,7 months,13.11.18,13.11.18,Feral,Female,,,,x,,x,,x,,,,x,,Healthy,,,,16,AGCGTGTA,AGCGTGTA,,,,,,,,,,,
Malaysia,MY10,MYD10,DomestiCAT-Malaysia-501,D10,1 year,15.11.17,15.11.17,Tame,Male,,,,x,,x,,,,,,x,,Healthy,,,Overweight,01,AACTGTGC,AACTGTGG,,,,,,,,,,,
Malaysia,MY15,MYD15,DomestiCAT-Malaysia-502,D15,1 year,18.11.17,18.11.17,Tame,Female,,,,,,,,x,,,,x,,Healthy,,,,02,TCGTACAG,TCGTACAG,,,,,,,,,,,
Malaysia,MY16,MYD16,DomestiCAT-Malaysia-503,D16,1 year,18.11.17,18.11.17,Tame,Male,,,,x,,x,,x,,,,x,,Healthy,,,,03,CTCACTGC,CTCACTGG,,,,,,,,,,,
Malaysia,MY18,MYD18,DomestiCAT-Malaysia-504,D18,6 months,19.11.17,19.11.17,Tame,Male,,,,x,,x,,x,,,,x,,Healthy,,,,04,GTGCTACT,GTGCTACT,,,,,,,,,,,
Malaysia,MY49,MYF49,DomestiCAT-Malaysia-505,F19,2 years,24.11.17,24.11.17,Feral,Male,,x,x,,,x,,,x,,x,x,,,,,,05,GCTTGACC,GCTTGACG,,,,,,,,,,,
Malaysia,MY3,MYD3,DomestiCAT-Malaysia-506,D3(5),1.5 year,12.11.17,12.11.17,Tame,Male,,,,,,x,,x,,,,x,,Healthy,,,,06,CATCATCT,CATCATCT,,,,,,,,,,,
Malaysia,MY9,MYD9,DomestiCAT-Malaysia-507,D9,1 year,15.11.17,15.11.17,Tame,Female,,,,x,,x,,x,,,x,x,,Healthy,,,,07,TGCTACTC,TGCTACTG,,,,,,,,,,,
Malaysia,MY19,MYD19,DomestiCAT-Malaysia-508,D19,6 months,19.11.17,19.11.17,Tame,Female,,,,x,,x,,x,,,,x,,Healthy,,,,08,AGAAGTGT,AGAAGTGT,,,,,,,,,,,
Malaysia,MY27,MYD27,DomestiCAT-Malaysia-509,D27,1 year,23.11.17,23.11.17,Tame,Female,,,,x,,x,,x,,,,x,,Healthy,,,,09,AGTGTCAC,AGTGTCAG,,,,,,,,,,,
Malaysia,MY36,MYF36,DomestiCAT-Malaysia-510,F6 (2),6 months,16.11.17,16.11.17,Feral,Male,,x,,x,,,x,x,,,,x,,Healthy,,,,10,TCACAGGT,TCACAGGT,,,,,,,,,,,
Malaysia,MY45,MYF45,DomestiCAT-Malaysia-511,F15,1 year,22.11.17,22.11.17,Feral,Female,,x,,x,,,x,x,,,,x,,Healthy,,,Pregnant/nursing,11,CCTTAGAC,CCTTAGAG,,,,,,,,,,,
Malaysia,MY48,MYF48,DomestiCAT-Malaysia-512,F18,8 months,23.11.17,23.11.17,Feral,Female,,x,,,x,,x,x,,,,x,,Healthy,,,,12,GTAAGGTC,GTAAGGTC,,,,,,,,,,,
Malaysia,MY52,MYF52,DomestiCAT-Malaysia-513,F22 (4),4 months,26.11.17,26.11.17,Feral,Male,x,,,x,,,x,x,,,x,x,,Healthy,,,,13,GATCGAGC,GATCGAGG,,,,,,,,,,,
Malaysia,MY54,MYF54,DomestiCAT-Malaysia-514,F24,1 year,17.12.17,17.12.17,Feral,Female,x,x,x,,x,,x,x,,,,x,,Healthy,,,,14,CAAGAGAC,CAAGAGAC,,,,,,,,,,,
Malaysia,MY57,MYF57,DomestiCAT-Malaysia-515,F27,1 year,20.12.17,20.12.17,Feral,Female,,x,x,x,,,x,x,,,,x,,Healthy,,,,15,TAGAAGAC,TAGAAGAG,,,,,,,,,,,
Malaysia,Blank,MYX,DomestiCAT-Malaysia-516,Blank,,,,,,,,,,,,,,,,,,,,,,,16,AGCGTGTA,AGCGTGTA,,,,,,,,,,,
Spain,ES1,ESD1,DomestiCAT_Spain-501,2019/06/U7 Bubu,1 year,28.06.2019,28.06.2019,Tame,Male,,,,,x,x,,x,,,x,x,,Healthy,,,scared,01,AACTGTGC,AACTGTGG,,,,,,,,,,,
Spain,ES2,ESD2,DomestiCAT_Spain-502,2019/06/U8 Kitty,1 year,28.06.2019,28.06.2019,Tame,Female,,,,,x,x,,x,,x,,x,,Healthy,,,scared,02,TCGTACAG,TCGTACAG,,,,,,,,,,,
Spain,ES3,ESF3,DomestiCAT_Spain-503,2019/06/U9 Grisi,1.5 years,28.06.2019,28.06.2019,Feral,Female,x,,,x,,,x,x,,,x,x,,Healthy,,,Lactating + scared,03,CTCACTGC,CTCACTGG,,,,,,,,,,,
Spain,ES4,ESF4,DomestiCAT_Spain-504,2019/06/083-3 Lena,1.5 years,19.06.2019,19.06.2019,Feral,Female,,,,x,,,x,x,,,x,x,,Healthy,,,Lactating + scared + mites in both ears,04,GTGCTACT,GTGCTACT,,,,,,,,,,,
Spain,ES5,ESD5,DomestiCAT_Spain-505,2019/06/087 Mukina,7 years,20.06.2019,20.06.2019,Tame (outdoor),Female,,,,,x,x,,x,,,x,x,,Healthy,,,Lactating,05,GCTTGACC,GCTTGACG,,,,,,,,,,,
Spain,ES6,ESD6,DomestiCAT_Spain-506,2019/06/095 Lima,9 months,21.06.2019,21.06.2019,Tame,Female,,,,x,,x,,x,,,x,x,,Healthy,,,scared,06,CATCATCT,CATCATCT,,,,,,,,,,,
Spain,ES7,ESF7,DomestiCAT_Spain-507,2019/05/057 Romeo,2 years,13.05.2019,13.05.2019,Feral,Male,,x,,,x,,x,x,,,x,x,,Healthy,,,,07,TGCTACTC,TGCTACTG,,,,,,,,,,,
Spain,ES8,ESD8,DomestiCAT_Spain-508,2019/05/056 Nara,6 months,13.05.2019,13.05.2019,Tame,Female,,x,,,,x,,x,,,x,x,,Healthy,,,"Hisses in clinic, but is sociable at home",08,AGAAGTGT,AGAAGTGT,,,,,,,,,,,
Spain,ES9,ESF9,DomestiCAT_Spain-509,2019/05/058 Princesa,8 years,10.05.2019,13.05.2019,Feral,Female,,,,,,,x,x,,,x,x,,Healthy,,,scared,09,AGTGTCAC,AGTGTCAG,,,,,,,,,,,
Spain,ES10,ESD10,DomestiCAT_Spain-510,2019/06/008 Misca,1 year,03.06.2019,03.06.2019,Tame,Female,,,,x,,x,,x,,,x,x,,Healthy,,,scared,10,TCACAGGT,TCACAGGT,,,,,,,,,,,
Spain,ES11,ESF11,DomestiCAT_Spain-511,2019/06/025 Ultima,1 year,06.06.2019,06.06.2019,Feral,Female,x,x,,,x,,x,x,,,x,x,x,Healthy,,,scared + wound on nose from trying to escape cage,11,CCTTAGAC,CCTTAGAG,,,,,,,,,,,
Spain,ES12,ESF12,DomestiCAT_Spain-512,2019/06/024 Blanca,4 years,06.06.2019,06.06.2019,Feral,Female,,,,x,,,x,,x,,x,x,x,,,,scared + lactating + ear mites and ear dermatitis,12,GTAAGGTC,GTAAGGTC,,,,,,,,,,,
Spain,ES13,ESF13,DomestiCAT_Spain-513,2019/06/044-1 Tricolor II,3 years,11.06.2019,11.06.2019,Feral,Female,,x,,,x,,x,x,x,,x,x,,,,,Ear issues,13,GATCGAGC,GATCGAGG,,,,,,,,,,,
Spain,ES14,ESD14,DomestiCAT_Spain-514,2019/06/050 Sol,1 year,12.06.201,12.06.2019,Tame,Male,,,,x,,x,,x,,,x,x,,Healthy,,,,14,CAAGAGAC,CAAGAGAC,,,,,,,,,,,
Spain,ES15,ESF15,DomestiCAT_Spain-515,2019/06/049 Naranuto,1 year,11.06.2019,11.06.2019,Feral,Male,,x,,x,,,x,x,,,x,x,,Healthy,,,Ear issues,15,TAGAAGAC,TAGAAGAG,,,,,,,,,,,
Spain,ES16,ESD16,DomestiCAT_Spain-516,2019/06/043 Lia,13 months,11.06.2019,11.06.2019,Tame,Female,,,,x,,x,,x,,,x,x,,Healthy,,,scared,16,AGCGTGTA,AGCGTGTA,,,,,,,,,,,
Brazil,BR1,BRF1,DomestiCAT_Brazil-501,BR1,Unknown,,06.07.18,Feral,Female,x,,x,,,,x,x,,,,x,,,,,,01,AACTGTGC,AACTGTGG,,,,,,,,,,,
Brazil,BR2,BRF2,DomestiCAT_Brazil-502,BR2,Unknown,,30.12.18,Feral,Female,x,,,,x,,x,,,,,,x,Bad,,,,02,TCGTACAG,TCGTACAG,,,,,,,,,,,
Brazil,BR15,BRF15,DomestiCAT_Brazil-503,BR15,Unknown,,06.07.18,Feral,Male,x,x,,,,,,,,,x,x,,,,,,03,CTCACTGC,CTCACTGG,,,,,,,,,,,
Brazil,BR16,BRF16,DomestiCAT_Brazil-504,BR16,Unknown,,06.06.18,Feral,Female,,,x,,,,,,,x,,,,,,,,04,GTGCTACT,GTGCTACT,,,,,,,,,,,
Brazil,BR18,BRF18,DomestiCAT_Brazil-505,BR18,Adult,,10.02.18,Feral,Male,x,,,,,x,,,,,x,,,Healthy,,,,05,GCTTGACC,GCTTGACG,,,,,,,,,,,
Brazil,BR20,BRF20,DomestiCAT_Brazil-506,BR20,Unknown,,05.06.18,Feral,Male,x,x,,,,,,,,,,,x,Bad,,,,06,CATCATCT,CATCATCT,,,,,,,,,,,
Brazil,BR23,BRF23,DomestiCAT_Brazil-507,BR23,Adult,,05.05.18,Feral,Female,,,x,,,,,,,,,x,,,,,,07,TGCTACTC,TGCTACTG,,,,,,,,,,,
Brazil,BR24,BRF24,DomestiCAT_Brazil-508,BR24,Adult,,01.06.18,Feral,Male,x,,,,,,,,,,x,,,,,,,08,AGAAGTGT,AGAAGTGT,,,,,,,,,,,
Brazil,BR33,BRD33,DomestiCAT_Brazil-509,Mimi,Unknown,28.01.17,x.01.18,Tame,Female,,,,,,,,x,,,x,x,,Healthy,,,,09,AGTGTCAC,AGTGTCAG,,,,,,,,,,,
Brazil,BR34,BRD34,DomestiCAT_Brazil-510,Greta,5 years,29.05.15,x.01.18,Tame,Female,x,,,,,,,x,,,x,x,,Healthy,,,,10,TCACAGGT,TCACAGGT,,,,,,,,,,,
Brazil,BR37,BRD37,DomestiCAT_Brazil-511,Pistache,1 year,05.12.17,x.01.18,Tame,Male,,,x,,,,,x,,,,x,,,,,seguila neurologica,11,CCTTAGAC,CCTTAGAG,,,,,,,,,,,
Brazil,BR38,BRD38,DomestiCAT_Brazil-512,Siam,3 years,13.07.15,x.01.18,Tame,Male,,,x,,,,,x,,,x,x,,Healthy,,,paraplogico bipede,12,GTAAGGTC,GTAAGGTC,,,,,,,,,,,
Brazil,BR41,BRD41,DomestiCAT_Brazil-513,Kowalski,7 years,29.05.16,x.01.18,Tame,Male,,,,,,,,x,,,,x,,Healthy,,,FeLV+,13,GATCGAGC,GATCGAGG,,,,,,,,,,,
Brazil,BR42,BRD42,DomestiCAT_Brazil-514,Miu,8 years,29.03.16,x.01.18,Tame,Male,,,,,,,,x,,,,x,,Healthy,,,seguila neurologica,14,CAAGAGAC,CAAGAGAC,,,,,,,,,,,
Brazil,BR45,BRD45,DomestiCAT_Brazil-515,Berinjela,6 years,10.10.xx,12.03.18,Tame,Female,,,,x,,x,,x,,,x,x,,Healthy,,,,15,TAGAAGAC,TAGAAGAG,,,,,,,,,,,
Brazil,BR46,BRD46,DomestiCAT_Brazil-516,Panqueca,6 years,20.10.xx,12.03.18,Tame,Female,,,,,,x,,x,,,,x,,Healthy,,,,16,AGCGTGTA,AGCGTGTA,,,,,,,,,,,
Denmark,DKB10,1025903,DomestiCAT_Denmark_1,,Unknown,03.05.17,04.05.17,Tame,Unknown,,,,,,,,,,,,,,,,x,Pregnant,1,AACTGTGC,AACTGTGG,,,,,,,,,,,
Denmark,DKB11,1025943,DomestiCAT_Denmark_2,,Unknown,03.05.17,04.05.17,Feral,Unknown,,x,,,x,,,,,,,,,,,x,,2,TCGTACAG,TCGTACAG,,,,,,,,,,,
Denmark,DKB13,1026125,DomestiCAT_Denmark_3,,Unknown,29.05.17,30.05.17,Feral,Unknown,,,x,x,,,,,,,,,,Bad,,x,,3,CTCACTGC,CTCACTGG,,,,,,,,,,,
Denmark,DKB16,1025495,DomestiCAT_Denmark_4,,Unknown,21.02.17,21.02.17,Feral,Unknown,,,,x,,,,,,,,,,,,x,,4,GTGCTACT,GTGCTACT,,,,,,,,,,,
Denmark,DKB18,17462,DomestiCAT_Denmark_5,,Unknown,03.10.17,04.10.17,Tame,Unknown,,,,,,,,,,,,,,,,x,,5,GCTTGACC,GCTTGACG,,,,,,,,,,,
Denmark,DKB20,1025417 (1),DomestiCAT_Denmark_6,,Unknown,10.03.17,11.03.17,Feral,Unknown,,,,,x,x,,,,,,,,,,x,,6,CATCATCT,CATCATCT,,,,,,,,,,,
Denmark,DKB21,1025679 (2),DomestiCAT_Denmark_7,,Unknown,17.03.17,20.03.17,Feral,Unknown,x,x,,,x,,,,,,,,,,,x,,7,TGCTACTC,TGCTACTG,,,,,,,,,,,
Denmark,DKB25,1024977(3),DomestiCAT_Denmark_8,,Unknown,15.02.17,16.02.17,Feral,Unknown,x,,,x,,x,,,,,,x,,,,x,,8,AGAAGTGT,AGAAGTGT,,,,,,,,,,,
Denmark,DKB27,17166,DomestiCAT_Denmark_9,,Unknown,02.05.17,03.05.17,Tame,Unknown,,,,,,,,,,x,,,,,,x,,9,AGTGTCAC,AGTGTCAG,,,,,,,,,,,
Denmark,DKB3,DKB3,DomestiCAT_Denmark_10,,Unknown,02.08.17,03.08.17,Feral,Unknown,,x,,x,,x,x,,,,,,,,,x,,10,TCACAGGT,TCACAGGT,,,,,,,,,,,
Denmark,DKB30,1025481,DomestiCAT_Denmark_11,,Unknown,01.03.17,02.03.17,Feral,Unknown,,x,x,x,,,x,,,,,,,,,x,,11,CCTTAGAC,CCTTAGAG,,,,,,,,,,,
Denmark,DKB31,1025526,DomestiCAT_Denmark_12,,Unknown,16.02.17,17.02.17,Tame,Unknown,,x,,,,,x,,,,,,,,,x,,12,GTAAGGTC,GTAAGGTC,,,,,,,,,,,
Denmark,DKB6,1025556,DomestiCAT_Denmark_13,,Unknown,10.04.17,11.04.17,Tame,Female,,,,,,x,,,,,,,,,,,,13,GATCGAGC,GATCGAGG,,,,,,,,,,,
Denmark,DKB7,1025639,DomestiCAT_Denmark_14,,Unknown,07.03.17,08.03.17,Tame,Unknown,,,,x,,x,,,,,,,,Bad,,x,,14,CAAGAGAC,CAAGAGAC,,,,,,,,,,,
Denmark,DKB9,1025731,DomestiCAT_Denmark_15,,Unknown,03.04.17,05.04.17,Feral,Unknown,,,x,,,,,,,,,,,,,x,,15,TAGAAGAC,TAGAAGAG,,,,,,,,,,,
,,,,,,,,,,,,,,,,,,,,,,,,,,,,,,,,,,,,,,,,
,,,,,,,Tame,50,14,,,,,,,,,,,,,,,,,,,,,,,,,,,,,,,
,,,,,,,Unknown,,,,,,,,,,,,,,,,,,,,,,,,,,,,,,,,,
